{
  "dashboards": [
    {
      "compartment-id": "ocid1.compartment.oc1..aaaaaaaaf72d55s4fhsj4a5fh2asrssjlpkneyv455wfadg4eo4ingtqjp5q",
      "dashboard-id": "ocid1.managementdashboard.oc1..aaaaaaaamxg6zlyjeuqgqmmj5kk5gaarskcwdkewxwwts5j7vb5lszjyw33q",
      "data-config": [],
      "defined-tags": {},
      "description": "",
      "display-name": "OCI Network Firewall Dahboard",
      "drilldown-config": [],
      "freeform-tags": {},
      "is-favorite": false,
      "is-oob-dashboard": false,
      "is-show-description": true,
      "is-show-in-home": false,
      "metadata-version": "2.0",
      "nls": {},
      "parameters-config": [
        {
          "displayName": "\u30ed\u30b0\u30fb\u30b0\u30eb\u30fc\u30d7\u30fb\u30b3\u30f3\u30d1\u30fc\u30c8\u30e1\u30f3\u30c8",
          "localStorageKey": "log-analytics-loggroup-filter",
          "name": "log-analytics-loggroup-filter",
          "parametersMap": {
            "isStoreInLocalStorage": true
          },
          "savedSearchId": "OOBSS-management-dashboard-filter-4a",
          "state": "DEFAULT",
          "uiConfig": {
            "defaultWidth": 3,
            "filterName": "log-analytics-loggroup-filter",
            "internalKey": "OOBSS-management-dashboard-filter-4a",
            "minWidth": 3,
            "vizFilterType": "lxLogGroupDashFilterType"
          }
        },
        {
          "displayName": "\u30a8\u30f3\u30c6\u30a3\u30c6\u30a3",
          "localStorageKey": "log-analytics-entity-filter",
          "name": "log-analytics-entity-filter",
          "parametersMap": {
            "isStoreInLocalStorage": true
          },
          "savedSearchId": "OOBSS-management-dashboard-filter-2a",
          "state": "DEFAULT",
          "uiConfig": {
            "defaultWidth": 6,
            "filterName": "log-analytics-entity-filter",
            "internalKey": "OOBSS-management-dashboard-filter-2a",
            "minWidth": 6,
            "vizFilterType": "lxEntityDashFilterType"
          },
          "width": 6
        },
        {
          "displayName": "$(bundle.globalSavedSearch.TIME)",
          "name": "time",
          "src": "$(context.time)"
        },
        {
          "displayName": "\u30ed\u30b0\u30fb\u30bb\u30c3\u30c8",
          "localStorageKey": "log-analytics-logset-filter",
          "name": "log-analytics-logset-filter",
          "parametersMap": {
            "isStoreInLocalStorage": true
          },
          "savedSearchId": "OOBSS-management-dashboard-filter-3a",
          "state": "DEFAULT",
          "uiConfig": {
            "defaultWidth": 6,
            "filterName": "log-analytics-logset-filter",
            "hidden": "$(window.logSetNotEnabled)",
            "internalKey": "OOBSS-management-dashboard-filter-3a",
            "minWidth": 6,
            "vizFilterType": "lxLogSetDashFilterType"
          }
        }
      ],
      "provider-id": "log-analytics",
      "provider-name": "Logging Analytics",
      "provider-version": "3.0.0",
      "saved-searches": [
        {
          "compartment-id": "ocid1.compartment.oc1..aaaaaaaaf72d55s4fhsj4a5fh2asrssjlpkneyv455wfadg4eo4ingtqjp5q",
          "data-config": [],
          "defined-tags": {},
          "description": "",
          "display-name": "\u8105\u5a01\u304c\u691c\u51fa\u3055\u308c\u305f\u30a2\u30af\u30bb\u30b9",
          "drilldown-config": [],
          "freeform-tags": {},
          "id": "ocid1.managementsavedsearch.oc1..aaaaaaaag3w7qfwlo22sj4u2zswjvqqr26xcxvsrovypfqe2uw3bvire5csa",
          "is-oob-saved-search": false,
          "metadata-version": "2.0",
          "nls": {},
          "parameters-config": [
            {
              "defaultFilterIds": [
                "OOBSS-management-dashboard-filter-4a"
              ],
              "displayName": "Log Group Compartment",
              "editUi": {
                "inputType": "none"
              },
              "name": "log-analytics-log-group-compartment",
              "required": true,
              "valueFormat": {
                "type": "object"
              }
            },
            {
              "defaultFilterIds": [
                "OOBSS-management-dashboard-filter-2a"
              ],
              "displayName": "Entity",
              "editUi": {
                "inputType": "none"
              },
              "name": "log-analytics-entity",
              "required": true,
              "valueFormat": {
                "type": "object"
              }
            },
            {
              "defaultFilterIds": [
                "OOBSS-management-dashboard-filter-3a"
              ],
              "displayName": "Log Set",
              "editUi": {
                "inputType": "none"
              },
              "hidden": "$(window.logSetNotEnabled)",
              "name": "log-analytics-log-set",
              "required": true,
              "valueFormat": {
                "type": "object"
              }
            },
            {
              "displayName": "$(bundle.globalSavedSearch.TIME)",
              "hidden": true,
              "name": "time",
              "required": true
            },
            {
              "name": "flex"
            }
          ],
          "provider-id": "log-analytics",
          "provider-name": "Logging Analytics",
          "provider-version": "3.0.0",
          "screen-image": " ",
          "type": "WIDGET_SHOW_IN_DASHBOARD",
          "ui-config": {
            "enableWidgetInApp": true,
            "queryString": "'Log Source' = 'Network Firewall  Threat Log' | timestats count as logrecords by Action | sort -logrecords",
            "scopeFilters": {
              "Entity": {
                "flags": {
                  "IncludeDependents": true,
                  "ScopeCompartmentId": "ocid1.compartment.oc1..aaaaaaaaf72d55s4fhsj4a5fh2asrssjlpkneyv455wfadg4eo4ingtqjp5q"
                },
                "type": "Entity",
                "values": []
              },
              "LogFields": {
                "flags": {},
                "type": "LogFields",
                "values": []
              },
              "LogGroup": {
                "flags": {
                  "IncludeSubCompartments": true
                },
                "type": "LogGroup",
                "values": [
                  {
                    "label": "orasejapankids2 (\u30eb\u30fc\u30c8)",
                    "value": "ocid1.tenancy.oc1..aaaaaaaaf7srpqhw4gczc3p5eqwa76xced3dwm7fppw5f6regxxumqcsrmoq"
                  }
                ]
              },
              "LogSet": {
                "flags": {},
                "type": "LogSet",
                "values": []
              },
              "MetricCompartment": {
                "flags": {},
                "type": "MetricCompartment",
                "values": []
              },
              "ResourceCompartment": {
                "flags": {
                  "IncludeSubCompartments": true
                },
                "type": "ResourceCompartment",
                "values": [
                  {
                    "label": "jenny.l.liang",
                    "value": "ocid1.compartment.oc1..aaaaaaaaf72d55s4fhsj4a5fh2asrssjlpkneyv455wfadg4eo4ingtqjp5q"
                  }
                ]
              },
              "filters": [
                {
                  "flags": {
                    "IncludeSubCompartments": true
                  },
                  "type": "LogGroup",
                  "values": [
                    {
                      "label": "orasejapankids2 (\u30eb\u30fc\u30c8)",
                      "value": "ocid1.tenancy.oc1..aaaaaaaaf7srpqhw4gczc3p5eqwa76xced3dwm7fppw5f6regxxumqcsrmoq"
                    }
                  ]
                },
                {
                  "flags": {},
                  "type": "MetricCompartment",
                  "values": []
                },
                {
                  "flags": {
                    "IncludeDependents": true,
                    "ScopeCompartmentId": "ocid1.compartment.oc1..aaaaaaaaf72d55s4fhsj4a5fh2asrssjlpkneyv455wfadg4eo4ingtqjp5q"
                  },
                  "type": "Entity",
                  "values": []
                },
                {
                  "flags": {},
                  "type": "LogSet",
                  "values": []
                },
                {
                  "flags": {
                    "IncludeSubCompartments": true
                  },
                  "type": "ResourceCompartment",
                  "values": [
                    {
                      "label": "jenny.l.liang",
                      "value": "ocid1.compartment.oc1..aaaaaaaaf72d55s4fhsj4a5fh2asrssjlpkneyv455wfadg4eo4ingtqjp5q"
                    }
                  ]
                },
                {
                  "flags": {},
                  "type": "LogFields",
                  "values": []
                }
              ],
              "isGlobal": false
            },
            "showTitle": true,
            "timeSelection": {
              "timePeriod": "l7day"
            },
            "visualizationOptions": {
              "customVizOpt": {
                "GEOMAP_SETTINGS": {
                  "basemap": "bi_world_map_light",
                  "clusterColor": "rgb(192, 192, 192)",
                  "filterOnZoom": false,
                  "isShowLegend": true,
                  "lat": 2273030.9269876885,
                  "lon": 0,
                  "mapZoom": 1,
                  "pointColor": "rgb(0, 0, 255)",
                  "srid": 3857,
                  "toggleClusters": false
                },
                "primaryFieldDname": "Original Log Content",
                "primaryFieldIname": "mbody"
              }
            },
            "visualizationType": "records_histogram",
            "vizType": "lxSavedSearchWidgetType"
          },
          "widget-template": "visualizations/chartWidgetTemplate.html",
          "widget-v-m": "jet-modules/dashboards/widgets/lxSavedSearchWidget"
        },
        {
          "compartment-id": "ocid1.compartment.oc1..aaaaaaaaf72d55s4fhsj4a5fh2asrssjlpkneyv455wfadg4eo4ingtqjp5q",
          "data-config": [],
          "defined-tags": {},
          "description": "",
          "display-name": "\u56fd\u5225\u30a2\u30af\u30bb\u30b9\u6570Top10",
          "drilldown-config": [],
          "freeform-tags": {},
          "id": "ocid1.managementsavedsearch.oc1..aaaaaaaa7xk7u33t3kdskldrkk5ufmag5ch4drl6p7go42xsfqialrazcltq",
          "is-oob-saved-search": false,
          "metadata-version": "2.0",
          "nls": {},
          "parameters-config": [
            {
              "defaultFilterIds": [
                "OOBSS-management-dashboard-filter-4a"
              ],
              "displayName": "Log Group Compartment",
              "editUi": {
                "inputType": "none"
              },
              "name": "log-analytics-log-group-compartment",
              "required": true,
              "valueFormat": {
                "type": "object"
              }
            },
            {
              "defaultFilterIds": [
                "OOBSS-management-dashboard-filter-2a"
              ],
              "displayName": "Entity",
              "editUi": {
                "inputType": "none"
              },
              "name": "log-analytics-entity",
              "required": true,
              "valueFormat": {
                "type": "object"
              }
            },
            {
              "defaultFilterIds": [
                "OOBSS-management-dashboard-filter-3a"
              ],
              "displayName": "Log Set",
              "editUi": {
                "inputType": "none"
              },
              "hidden": "$(window.logSetNotEnabled)",
              "name": "log-analytics-log-set",
              "required": true,
              "valueFormat": {
                "type": "object"
              }
            },
            {
              "displayName": "$(bundle.globalSavedSearch.TIME)",
              "hidden": true,
              "name": "time",
              "required": true
            },
            {
              "name": "flex"
            }
          ],
          "provider-id": "log-analytics",
          "provider-name": "Logging Analytics",
          "provider-version": "3.0.0",
          "screen-image": " ",
          "type": "WIDGET_SHOW_IN_DASHBOARD",
          "ui-config": {
            "enableWidgetInApp": true,
            "queryString": "'Log Source' = 'Network Firewall Traffic Log' | stats count as logrecords by 'Client Host Country' | sort -logrecords | top 10 logrecords",
            "scopeFilters": {
              "Entity": {
                "flags": {
                  "IncludeDependents": true,
                  "ScopeCompartmentId": "ocid1.compartment.oc1..aaaaaaaaf72d55s4fhsj4a5fh2asrssjlpkneyv455wfadg4eo4ingtqjp5q"
                },
                "type": "Entity",
                "values": []
              },
              "LogFields": {
                "flags": {},
                "type": "LogFields",
                "values": []
              },
              "LogGroup": {
                "flags": {
                  "IncludeSubCompartments": true
                },
                "type": "LogGroup",
                "values": [
                  {
                    "label": "orasejapankids2 (\u30eb\u30fc\u30c8)",
                    "value": "ocid1.tenancy.oc1..aaaaaaaaf7srpqhw4gczc3p5eqwa76xced3dwm7fppw5f6regxxumqcsrmoq"
                  }
                ]
              },
              "LogSet": {
                "flags": {},
                "type": "LogSet",
                "values": []
              },
              "MetricCompartment": {
                "flags": {},
                "type": "MetricCompartment",
                "values": []
              },
              "ResourceCompartment": {
                "flags": {
                  "IncludeSubCompartments": true
                },
                "type": "ResourceCompartment",
                "values": [
                  {
                    "label": "jenny.l.liang",
                    "value": "ocid1.compartment.oc1..aaaaaaaaf72d55s4fhsj4a5fh2asrssjlpkneyv455wfadg4eo4ingtqjp5q"
                  }
                ]
              },
              "filters": [
                {
                  "flags": {
                    "IncludeSubCompartments": true
                  },
                  "type": "LogGroup",
                  "values": [
                    {
                      "label": "orasejapankids2 (\u30eb\u30fc\u30c8)",
                      "value": "ocid1.tenancy.oc1..aaaaaaaaf7srpqhw4gczc3p5eqwa76xced3dwm7fppw5f6regxxumqcsrmoq"
                    }
                  ]
                },
                {
                  "flags": {},
                  "type": "MetricCompartment",
                  "values": []
                },
                {
                  "flags": {
                    "IncludeDependents": true,
                    "ScopeCompartmentId": "ocid1.compartment.oc1..aaaaaaaaf72d55s4fhsj4a5fh2asrssjlpkneyv455wfadg4eo4ingtqjp5q"
                  },
                  "type": "Entity",
                  "values": []
                },
                {
                  "flags": {},
                  "type": "LogSet",
                  "values": []
                },
                {
                  "flags": {
                    "IncludeSubCompartments": true
                  },
                  "type": "ResourceCompartment",
                  "values": [
                    {
                      "label": "jenny.l.liang",
                      "value": "ocid1.compartment.oc1..aaaaaaaaf72d55s4fhsj4a5fh2asrssjlpkneyv455wfadg4eo4ingtqjp5q"
                    }
                  ]
                },
                {
                  "flags": {},
                  "type": "LogFields",
                  "values": []
                }
              ],
              "isGlobal": false
            },
            "showTitle": true,
            "timeSelection": {
              "timePeriod": "l60min"
            },
            "visualizationOptions": {
              "customVizOpt": {
                "GEOMAP_SETTINGS": {
                  "basemap": "bi_world_map_light",
                  "clusterColor": "rgb(192, 192, 192)",
                  "filterOnZoom": false,
                  "isShowLegend": true,
                  "lat": 2273030.9269876885,
                  "lon": 0,
                  "mapZoom": 1,
                  "pointColor": "rgb(0, 0, 255)",
                  "srid": 3857,
                  "toggleClusters": false
                }
              }
            },
            "visualizationType": "hbar",
            "vizType": "lxSavedSearchWidgetType"
          },
          "widget-template": "visualizations/chartWidgetTemplate.html",
          "widget-v-m": "jet-modules/dashboards/widgets/lxSavedSearchWidget"
        },
        {
          "compartment-id": "ocid1.compartment.oc1..aaaaaaaaf72d55s4fhsj4a5fh2asrssjlpkneyv455wfadg4eo4ingtqjp5q",
          "data-config": [],
          "defined-tags": {},
          "description": "",
          "display-name": "\u8105\u5a01\u30a2\u30af\u30bb\u30b9\u5143\u30de\u30c3\u30d7",
          "drilldown-config": [],
          "freeform-tags": {},
          "id": "ocid1.managementsavedsearch.oc1..aaaaaaaa4kjjcvzeq63thnyqxejjicx2vjfclhgst2nnka2ukwtk3obmhiqa",
          "is-oob-saved-search": false,
          "metadata-version": "2.0",
          "nls": {},
          "parameters-config": [
            {
              "defaultFilterIds": [
                "OOBSS-management-dashboard-filter-4a"
              ],
              "displayName": "Log Group Compartment",
              "editUi": {
                "inputType": "none"
              },
              "name": "log-analytics-log-group-compartment",
              "required": true,
              "valueFormat": {
                "type": "object"
              }
            },
            {
              "defaultFilterIds": [
                "OOBSS-management-dashboard-filter-2a"
              ],
              "displayName": "Entity",
              "editUi": {
                "inputType": "none"
              },
              "name": "log-analytics-entity",
              "required": true,
              "valueFormat": {
                "type": "object"
              }
            },
            {
              "defaultFilterIds": [
                "OOBSS-management-dashboard-filter-3a"
              ],
              "displayName": "Log Set",
              "editUi": {
                "inputType": "none"
              },
              "hidden": "$(window.logSetNotEnabled)",
              "name": "log-analytics-log-set",
              "required": true,
              "valueFormat": {
                "type": "object"
              }
            },
            {
              "displayName": "$(bundle.globalSavedSearch.TIME)",
              "hidden": true,
              "name": "time",
              "required": true
            },
            {
              "name": "flex"
            }
          ],
          "provider-id": "log-analytics",
          "provider-name": "Logging Analytics",
          "provider-version": "3.0.0",
          "screen-image": " ",
          "type": "WIDGET_SHOW_IN_DASHBOARD",
          "ui-config": {
            "enableWidgetInApp": true,
            "queryString": "'Log Source' = 'Network Firewall  Threat Log' | geostats count as logrecords",
            "scopeFilters": {
              "Entity": {
                "flags": {
                  "IncludeDependents": true,
                  "ScopeCompartmentId": "ocid1.compartment.oc1..aaaaaaaaf72d55s4fhsj4a5fh2asrssjlpkneyv455wfadg4eo4ingtqjp5q"
                },
                "type": "Entity",
                "values": []
              },
              "LogFields": {
                "flags": {},
                "type": "LogFields",
                "values": []
              },
              "LogGroup": {
                "flags": {
                  "IncludeSubCompartments": true
                },
                "type": "LogGroup",
                "values": [
                  {
                    "label": "orasejapankids2 (\u30eb\u30fc\u30c8)",
                    "value": "ocid1.tenancy.oc1..aaaaaaaaf7srpqhw4gczc3p5eqwa76xced3dwm7fppw5f6regxxumqcsrmoq"
                  }
                ]
              },
              "LogSet": {
                "flags": {},
                "type": "LogSet",
                "values": []
              },
              "MetricCompartment": {
                "flags": {},
                "type": "MetricCompartment",
                "values": []
              },
              "ResourceCompartment": {
                "flags": {
                  "IncludeSubCompartments": true
                },
                "type": "ResourceCompartment",
                "values": [
                  {
                    "label": "jenny.l.liang",
                    "value": "ocid1.compartment.oc1..aaaaaaaaf72d55s4fhsj4a5fh2asrssjlpkneyv455wfadg4eo4ingtqjp5q"
                  }
                ]
              },
              "filters": [
                {
                  "flags": {
                    "IncludeSubCompartments": true
                  },
                  "type": "LogGroup",
                  "values": [
                    {
                      "label": "orasejapankids2 (\u30eb\u30fc\u30c8)",
                      "value": "ocid1.tenancy.oc1..aaaaaaaaf7srpqhw4gczc3p5eqwa76xced3dwm7fppw5f6regxxumqcsrmoq"
                    }
                  ]
                },
                {
                  "flags": {},
                  "type": "MetricCompartment",
                  "values": []
                },
                {
                  "flags": {
                    "IncludeDependents": true,
                    "ScopeCompartmentId": "ocid1.compartment.oc1..aaaaaaaaf72d55s4fhsj4a5fh2asrssjlpkneyv455wfadg4eo4ingtqjp5q"
                  },
                  "type": "Entity",
                  "values": []
                },
                {
                  "flags": {},
                  "type": "LogSet",
                  "values": []
                },
                {
                  "flags": {
                    "IncludeSubCompartments": true
                  },
                  "type": "ResourceCompartment",
                  "values": [
                    {
                      "label": "jenny.l.liang",
                      "value": "ocid1.compartment.oc1..aaaaaaaaf72d55s4fhsj4a5fh2asrssjlpkneyv455wfadg4eo4ingtqjp5q"
                    }
                  ]
                },
                {
                  "flags": {},
                  "type": "LogFields",
                  "values": []
                }
              ],
              "isGlobal": false
            },
            "showTitle": true,
            "timeSelection": {
              "timePeriod": "l7day"
            },
            "visualizationOptions": {
              "customVizOpt": {
                "GEOMAP_SETTINGS": {
                  "basemap": "bi_world_map_light",
                  "clusterColor": "rgb(192, 192, 192)",
                  "filterOnZoom": false,
                  "isShowLegend": true,
                  "lat": 2273030.9269876885,
                  "lon": 0,
                  "mapZoom": 1,
                  "pointColor": "rgb(0, 0, 255)",
                  "srid": 3857,
                  "toggleClusters": false
                }
              }
            },
            "visualizationType": "map",
            "vizType": "lxSavedSearchWidgetType"
          },
          "widget-template": "visualizations/chartWidgetTemplate.html",
          "widget-v-m": "jet-modules/dashboards/widgets/lxSavedSearchWidget"
        },
        {
          "compartment-id": "ocid1.compartment.oc1..aaaaaaaaf72d55s4fhsj4a5fh2asrssjlpkneyv455wfadg4eo4ingtqjp5q",
          "data-config": [],
          "defined-tags": {},
          "description": "",
          "display-name": "\u691c\u51fa\u3055\u308c\u305f\u4e0d\u6b63\u306a\u30a2\u30af\u30c6\u30a3\u30d3\u30c6\u30a3",
          "drilldown-config": [],
          "freeform-tags": {},
          "id": "ocid1.managementsavedsearch.oc1..aaaaaaaazwqucrw5fkljaddm5epu2wonq4h474hdocojjijmrvw62qoom4xa",
          "is-oob-saved-search": false,
          "metadata-version": "2.0",
          "nls": {},
          "parameters-config": [
            {
              "defaultFilterIds": [
                "OOBSS-management-dashboard-filter-4a"
              ],
              "displayName": "Log Group Compartment",
              "editUi": {
                "inputType": "none"
              },
              "name": "log-analytics-log-group-compartment",
              "required": true,
              "valueFormat": {
                "type": "object"
              }
            },
            {
              "defaultFilterIds": [
                "OOBSS-management-dashboard-filter-2a"
              ],
              "displayName": "Entity",
              "editUi": {
                "inputType": "none"
              },
              "name": "log-analytics-entity",
              "required": true,
              "valueFormat": {
                "type": "object"
              }
            },
            {
              "defaultFilterIds": [
                "OOBSS-management-dashboard-filter-3a"
              ],
              "displayName": "Log Set",
              "editUi": {
                "inputType": "none"
              },
              "hidden": "$(window.logSetNotEnabled)",
              "name": "log-analytics-log-set",
              "required": true,
              "valueFormat": {
                "type": "object"
              }
            },
            {
              "displayName": "$(bundle.globalSavedSearch.TIME)",
              "hidden": true,
              "name": "time",
              "required": true
            },
            {
              "name": "flex"
            }
          ],
          "provider-id": "log-analytics",
          "provider-name": "Logging Analytics",
          "provider-version": "3.0.0",
          "screen-image": " ",
          "type": "WIDGET_SHOW_IN_DASHBOARD",
          "ui-config": {
            "enableWidgetInApp": true,
            "queryString": "'Log Source' = 'Network Firewall  Threat Log' | timestats count as logrecords by 'Threat Category', 'Threat Event ID' | sort -logrecords",
            "scopeFilters": {
              "Entity": {
                "flags": {
                  "IncludeDependents": true,
                  "ScopeCompartmentId": "ocid1.compartment.oc1..aaaaaaaaf72d55s4fhsj4a5fh2asrssjlpkneyv455wfadg4eo4ingtqjp5q"
                },
                "type": "Entity",
                "values": []
              },
              "LogFields": {
                "flags": {},
                "type": "LogFields",
                "values": []
              },
              "LogGroup": {
                "flags": {
                  "IncludeSubCompartments": true
                },
                "type": "LogGroup",
                "values": [
                  {
                    "label": "orasejapankids2 (\u30eb\u30fc\u30c8)",
                    "value": "ocid1.tenancy.oc1..aaaaaaaaf7srpqhw4gczc3p5eqwa76xced3dwm7fppw5f6regxxumqcsrmoq"
                  }
                ]
              },
              "LogSet": {
                "flags": {},
                "type": "LogSet",
                "values": []
              },
              "MetricCompartment": {
                "flags": {},
                "type": "MetricCompartment",
                "values": []
              },
              "ResourceCompartment": {
                "flags": {
                  "IncludeSubCompartments": true
                },
                "type": "ResourceCompartment",
                "values": [
                  {
                    "label": "jenny.l.liang",
                    "value": "ocid1.compartment.oc1..aaaaaaaaf72d55s4fhsj4a5fh2asrssjlpkneyv455wfadg4eo4ingtqjp5q"
                  }
                ]
              },
              "filters": [
                {
                  "flags": {
                    "IncludeSubCompartments": true
                  },
                  "type": "LogGroup",
                  "values": [
                    {
                      "label": "orasejapankids2 (\u30eb\u30fc\u30c8)",
                      "value": "ocid1.tenancy.oc1..aaaaaaaaf7srpqhw4gczc3p5eqwa76xced3dwm7fppw5f6regxxumqcsrmoq"
                    }
                  ]
                },
                {
                  "flags": {},
                  "type": "MetricCompartment",
                  "values": []
                },
                {
                  "flags": {
                    "IncludeDependents": true,
                    "ScopeCompartmentId": "ocid1.compartment.oc1..aaaaaaaaf72d55s4fhsj4a5fh2asrssjlpkneyv455wfadg4eo4ingtqjp5q"
                  },
                  "type": "Entity",
                  "values": []
                },
                {
                  "flags": {},
                  "type": "LogSet",
                  "values": []
                },
                {
                  "flags": {
                    "IncludeSubCompartments": true
                  },
                  "type": "ResourceCompartment",
                  "values": [
                    {
                      "label": "jenny.l.liang",
                      "value": "ocid1.compartment.oc1..aaaaaaaaf72d55s4fhsj4a5fh2asrssjlpkneyv455wfadg4eo4ingtqjp5q"
                    }
                  ]
                },
                {
                  "flags": {},
                  "type": "LogFields",
                  "values": []
                }
              ],
              "isGlobal": false
            },
            "showTitle": true,
            "timeSelection": {
              "timePeriod": "l7day"
            },
            "visualizationOptions": {
              "customVizOpt": {
                "GEOMAP_SETTINGS": {
                  "basemap": "bi_world_map_light",
                  "clusterColor": "rgb(192, 192, 192)",
                  "filterOnZoom": false,
                  "isShowLegend": true,
                  "lat": 2273030.9269876885,
                  "lon": 0,
                  "mapZoom": 1,
                  "pointColor": "rgb(0, 0, 255)",
                  "srid": 3857,
                  "toggleClusters": false
                }
              },
              "showTimeResults": true
            },
            "visualizationType": "summary_table",
            "vizType": "lxSavedSearchWidgetType"
          },
          "widget-template": "visualizations/chartWidgetTemplate.html",
          "widget-v-m": "jet-modules/dashboards/widgets/lxSavedSearchWidget"
        },
        {
          "compartment-id": "ocid1.compartment.oc1..aaaaaaaaf72d55s4fhsj4a5fh2asrssjlpkneyv455wfadg4eo4ingtqjp5q",
          "data-config": [],
          "defined-tags": {},
          "description": "",
          "display-name": "\u56fd\u5225\u8105\u5a01\u6570Top10",
          "drilldown-config": [],
          "freeform-tags": {},
          "id": "ocid1.managementsavedsearch.oc1..aaaaaaaa25mihanbyzvas24il2wpup7hflmoscvjfun5qdau3epvrkcxgddq",
          "is-oob-saved-search": false,
          "metadata-version": "2.0",
          "nls": {},
          "parameters-config": [
            {
              "defaultFilterIds": [
                "OOBSS-management-dashboard-filter-4a"
              ],
              "displayName": "Log Group Compartment",
              "editUi": {
                "inputType": "none"
              },
              "name": "log-analytics-log-group-compartment",
              "required": true,
              "valueFormat": {
                "type": "object"
              }
            },
            {
              "defaultFilterIds": [
                "OOBSS-management-dashboard-filter-2a"
              ],
              "displayName": "Entity",
              "editUi": {
                "inputType": "none"
              },
              "name": "log-analytics-entity",
              "required": true,
              "valueFormat": {
                "type": "object"
              }
            },
            {
              "defaultFilterIds": [
                "OOBSS-management-dashboard-filter-3a"
              ],
              "displayName": "Log Set",
              "editUi": {
                "inputType": "none"
              },
              "hidden": "$(window.logSetNotEnabled)",
              "name": "log-analytics-log-set",
              "required": true,
              "valueFormat": {
                "type": "object"
              }
            },
            {
              "displayName": "$(bundle.globalSavedSearch.TIME)",
              "hidden": true,
              "name": "time",
              "required": true
            },
            {
              "name": "flex"
            }
          ],
          "provider-id": "log-analytics",
          "provider-name": "Logging Analytics",
          "provider-version": "3.0.0",
          "screen-image": " ",
          "type": "WIDGET_SHOW_IN_DASHBOARD",
          "ui-config": {
            "enableWidgetInApp": true,
            "queryString": "'Log Source' = 'Network Firewall  Threat Log' | stats count as logrecords by 'Client Host Country', 'Threat Category' | sort -logrecords | top 10 logrecords",
            "scopeFilters": {
              "Entity": {
                "flags": {
                  "IncludeDependents": true,
                  "ScopeCompartmentId": "ocid1.compartment.oc1..aaaaaaaaf72d55s4fhsj4a5fh2asrssjlpkneyv455wfadg4eo4ingtqjp5q"
                },
                "type": "Entity",
                "values": []
              },
              "LogFields": {
                "flags": {},
                "type": "LogFields",
                "values": []
              },
              "LogGroup": {
                "flags": {
                  "IncludeSubCompartments": true
                },
                "type": "LogGroup",
                "values": [
                  {
                    "label": "orasejapankids2 (\u30eb\u30fc\u30c8)",
                    "value": "ocid1.tenancy.oc1..aaaaaaaaf7srpqhw4gczc3p5eqwa76xced3dwm7fppw5f6regxxumqcsrmoq"
                  }
                ]
              },
              "LogSet": {
                "flags": {},
                "type": "LogSet",
                "values": []
              },
              "MetricCompartment": {
                "flags": {},
                "type": "MetricCompartment",
                "values": []
              },
              "ResourceCompartment": {
                "flags": {
                  "IncludeSubCompartments": true
                },
                "type": "ResourceCompartment",
                "values": [
                  {
                    "label": "jenny.l.liang",
                    "value": "ocid1.compartment.oc1..aaaaaaaaf72d55s4fhsj4a5fh2asrssjlpkneyv455wfadg4eo4ingtqjp5q"
                  }
                ]
              },
              "filters": [
                {
                  "flags": {
                    "IncludeSubCompartments": true
                  },
                  "type": "LogGroup",
                  "values": [
                    {
                      "label": "orasejapankids2 (\u30eb\u30fc\u30c8)",
                      "value": "ocid1.tenancy.oc1..aaaaaaaaf7srpqhw4gczc3p5eqwa76xced3dwm7fppw5f6regxxumqcsrmoq"
                    }
                  ]
                },
                {
                  "flags": {},
                  "type": "MetricCompartment",
                  "values": []
                },
                {
                  "flags": {
                    "IncludeDependents": true,
                    "ScopeCompartmentId": "ocid1.compartment.oc1..aaaaaaaaf72d55s4fhsj4a5fh2asrssjlpkneyv455wfadg4eo4ingtqjp5q"
                  },
                  "type": "Entity",
                  "values": []
                },
                {
                  "flags": {},
                  "type": "LogSet",
                  "values": []
                },
                {
                  "flags": {
                    "IncludeSubCompartments": true
                  },
                  "type": "ResourceCompartment",
                  "values": [
                    {
                      "label": "jenny.l.liang",
                      "value": "ocid1.compartment.oc1..aaaaaaaaf72d55s4fhsj4a5fh2asrssjlpkneyv455wfadg4eo4ingtqjp5q"
                    }
                  ]
                },
                {
                  "flags": {},
                  "type": "LogFields",
                  "values": []
                }
              ],
              "isGlobal": false
            },
            "showTitle": true,
            "timeSelection": {
              "timePeriod": "l7day"
            },
            "visualizationOptions": {
              "customVizOpt": {
                "GEOMAP_SETTINGS": {
                  "basemap": "bi_world_map_light",
                  "clusterColor": "rgb(192, 192, 192)",
                  "filterOnZoom": false,
                  "isShowLegend": true,
                  "lat": 2273030.9269876885,
                  "lon": 0,
                  "mapZoom": 1,
                  "pointColor": "rgb(0, 0, 255)",
                  "srid": 3857,
                  "toggleClusters": false
                }
              }
            },
            "visualizationType": "hbar",
            "vizType": "lxSavedSearchWidgetType"
          },
          "widget-template": "visualizations/chartWidgetTemplate.html",
          "widget-v-m": "jet-modules/dashboards/widgets/lxSavedSearchWidget"
        }
      ],
      "screen-image": "todo: provide value[mandatory]",
      "tiles": [
        {
          "column": 6,
          "data-config": [],
          "display-name": "\u56fd\u5225\u30a2\u30af\u30bb\u30b9\u6570Top10",
          "drilldown-config": [],
          "height": 4,
          "nls": {},
          "parameters-map": {
            "log-analytics-entity": "$(dashboard.params.log-analytics-entity-filter)",
            "log-analytics-log-group-compartment": "$(dashboard.params.log-analytics-loggroup-filter)",
            "log-analytics-log-set": "$(dashboard.params.log-analytics-logset-filter)",
            "time": "$(dashboard.params.time)"
          },
          "row": 12,
          "saved-search-id": "ocid1.managementsavedsearch.oc1..aaaaaaaa7xk7u33t3kdskldrkk5ufmag5ch4drl6p7go42xsfqialrazcltq",
          "state": "DEFAULT",
          "ui-config": {},
          "width": 6
        },
        {
          "column": 8,
          "data-config": [],
          "display-name": "\u56fd\u5225\u8105\u5a01\u6570Top10",
          "drilldown-config": [],
          "height": 7,
          "nls": {},
          "parameters-map": {
            "log-analytics-entity": "$(dashboard.params.log-analytics-entity-filter)",
            "log-analytics-log-group-compartment": "$(dashboard.params.log-analytics-loggroup-filter)",
            "log-analytics-log-set": "$(dashboard.params.log-analytics-logset-filter)",
            "time": "$(dashboard.params.time)"
          },
          "row": 0,
          "saved-search-id": "ocid1.managementsavedsearch.oc1..aaaaaaaa25mihanbyzvas24il2wpup7hflmoscvjfun5qdau3epvrkcxgddq",
          "state": "DEFAULT",
          "ui-config": {},
          "width": 4
        },
        {
          "column": 6,
          "data-config": [],
          "display-name": "\u8105\u5a01\u304c\u691c\u51fa\u3055\u308c\u305f\u30a2\u30af\u30bb\u30b9",
          "drilldown-config": [],
          "height": 5,
          "nls": {},
          "parameters-map": {
            "log-analytics-entity": "$(dashboard.params.log-analytics-entity-filter)",
            "log-analytics-log-group-compartment": "$(dashboard.params.log-analytics-loggroup-filter)",
            "log-analytics-log-set": "$(dashboard.params.log-analytics-logset-filter)",
            "time": "$(dashboard.params.time)"
          },
          "row": 7,
          "saved-search-id": "ocid1.managementsavedsearch.oc1..aaaaaaaag3w7qfwlo22sj4u2zswjvqqr26xcxvsrovypfqe2uw3bvire5csa",
          "state": "DEFAULT",
          "ui-config": {},
          "width": 6
        },
        {
          "column": 0,
          "data-config": [],
          "display-name": "\u691c\u51fa\u3055\u308c\u305f\u4e0d\u6b63\u306a\u30a2\u30af\u30c6\u30a3\u30d3\u30c6\u30a3",
          "drilldown-config": [],
          "height": 9,
          "nls": {},
          "parameters-map": {
            "log-analytics-entity": "$(dashboard.params.log-analytics-entity-filter)",
            "log-analytics-log-group-compartment": "$(dashboard.params.log-analytics-loggroup-filter)",
            "log-analytics-log-set": "$(dashboard.params.log-analytics-logset-filter)",
            "time": "$(dashboard.params.time)"
          },
          "row": 7,
          "saved-search-id": "ocid1.managementsavedsearch.oc1..aaaaaaaazwqucrw5fkljaddm5epu2wonq4h474hdocojjijmrvw62qoom4xa",
          "state": "DEFAULT",
          "ui-config": {},
          "width": 6
        },
        {
          "column": 0,
          "data-config": [],
          "display-name": "\u8105\u5a01\u30a2\u30af\u30bb\u30b9\u5143\u30de\u30c3\u30d7",
          "drilldown-config": [],
          "height": 7,
          "nls": {},
          "parameters-map": {
            "log-analytics-entity": "$(dashboard.params.log-analytics-entity-filter)",
            "log-analytics-log-group-compartment": "$(dashboard.params.log-analytics-loggroup-filter)",
            "log-analytics-log-set": "$(dashboard.params.log-analytics-logset-filter)",
            "time": "$(dashboard.params.time)"
          },
          "row": 0,
          "saved-search-id": "ocid1.managementsavedsearch.oc1..aaaaaaaa4kjjcvzeq63thnyqxejjicx2vjfclhgst2nnka2ukwtk3obmhiqa",
          "state": "DEFAULT",
          "ui-config": {},
          "width": 8
        }
      ],
      "type": "normal",
      "ui-config": {
        "isFilteringEnabled": false,
        "isRefreshEnabled": true,
        "isTimeRangeEnabled": true
      }
    }
  ]
}
