<?xml version="1.0" encoding="UTF-8" standalone="no"?>
<LoganContent xmlns="http://www.oracle.com/DataCenter/LogAnalyticsStd" content_version="2.61.1.0.0" name="content_ocid1.tenancy.oc1..aaaaaaaaf7srpqhw4gczc3p5eqwa76xced3dwm7fppw5f6regxxumqcsrmoq_1668328375358" oms_version="2.61.1.0.0">
   <Field oms_version="2.61.1.0.0">
      <DisplayName>SourceUser</DisplayName>
      <FieldType>1</FieldType>
      <IsSystem>0</IsSystem>
      <IsPrimary>1</IsPrimary>
      <DataType>STRING</DataType>
      <IsMetricKeyEligible>0</IsMetricKeyEligible>
      <IsMetricValueEligible>0</IsMetricValueEligible>
      <FacetEligible>1</FacetEligible>
      <RangeFacetEligible>0</RangeFacetEligible>
      <TableEligible>1</TableEligible>
      <FacetPriority>1</FacetPriority>
      <Summarizable>1</Summarizable>
      <HighCardinality>1</HighCardinality>
      <LargeData>0</LargeData>
      <MultiValued>0</MultiValued>
      <SMAEnabledSetting>0</SMAEnabledSetting>
   </Field>
   <Field oms_version="2.61.1.0.0">
      <DisplayName>DestinationUser</DisplayName>
      <FieldType>1</FieldType>
      <IsSystem>0</IsSystem>
      <IsPrimary>1</IsPrimary>
      <DataType>STRING</DataType>
      <IsMetricKeyEligible>0</IsMetricKeyEligible>
      <IsMetricValueEligible>0</IsMetricValueEligible>
      <FacetEligible>1</FacetEligible>
      <RangeFacetEligible>0</RangeFacetEligible>
      <TableEligible>1</TableEligible>
      <FacetPriority>1</FacetPriority>
      <Summarizable>1</Summarizable>
      <HighCardinality>1</HighCardinality>
      <LargeData>0</LargeData>
      <MultiValued>0</MultiValued>
      <SMAEnabledSetting>0</SMAEnabledSetting>
   </Field>
   <Parser oms_version="2.61.1.0.0" tokenize_orig_text="1" type="6">
      <Name>NFW Threat Log</Name>
      <DisplayName>NFW Threat Log</DisplayName>
      <Description>OCI Network FirewallのThreat Log</Description>
      <IsSingleLineContent>0</IsSingleLineContent>
      <HeaderContent>$:0</HeaderContent>
      <ExampleContent>{
  "data": {
    "action": "alert",
    "device_name": "PA-VM",
    "direction": "client-to-server",
    "dst": "10.10.0.179",
    "dstloc": "10.0.0.0-10.255.255.255",
    "dstuser": "no-value",
    "firewall-id": "ocid1.networkfirewall.oc1.iad.amaaaaaatgpiiviag7pobods22i3o53im6mwuzyfvn6csexqbepfuvjxteva",
    "proto": "udp",
    "receive_time": "2022/10/27 05:52:17",
    "rule": "others-ids",
    "sessionid": "434465",
    "severity": "medium",
    "src": "174.138.181.170",
    "srcloc": "United States",
    "srcuser": "no-value",
    "subtype": "vulnerability",
    "thr_category": "info-leak",
    "threatid": "SIPVicious Scanner Detection"
  },
  "id": "df0c454e-cc6f-4b0a-b01e-775a97591777",
  "oracle": {
    "compartmentid": "ocid1.compartment.oc1..aaaaaaaaf72d55s4fhsj4a5fh2asrssjlpkneyv455wfadg4eo4ingtqjp5q",
    "ingestedtime": "2022-10-27T05:52:29.588Z",
    "loggroupid": "ocid1.loggroup.oc1.iad.amaaaaaatgpiiviagx6sygj5cgj3nr7kivnjp6g5elpa32tk2mq4ar3us6na",
    "logid": "ocid1.log.oc1.iad.amaaaaaatgpiiviahrbwybducacvi3kg77ygtzizm6jlxa6pchupgftcl4vq",
    "tenantid": "ocid1.tenancy.oc1..aaaaaaaaf7srpqhw4gczc3p5eqwa76xced3dwm7fppw5f6regxxumqcsrmoq"
  },
  "source": "ocid1.networkfirewall.oc1.iad.amaaaaaatgpiiviag7pobods22i3o53im6mwuzyfvn6csexqbepfuvjxteva",
  "specversion": "1.0",
  "time": "2022-10-27T05:52:17.000Z",
  "type": "com.oraclecloud.networkfirewall.threat"
}</ExampleContent>
      <IsSystem>0</IsSystem>
      <Encoding>UTF-8</Encoding>
      <Language>en_US</Language>
      <ParserFields>
         <ParserField>
            <FieldSeq>1</FieldSeq>
            <FieldName>actn</FieldName>
            <StructuredColInfo>$.data.action</StructuredColInfo>
         </ParserField>
         <ParserField>
            <FieldSeq>17</FieldSeq>
            <FieldName>cloudevntsver</FieldName>
            <StructuredColInfo>$.specversion</StructuredColInfo>
         </ParserField>
         <ParserField>
            <FieldSeq>12</FieldSeq>
            <FieldName>collectiontime</FieldName>
            <StructuredColInfo>$.oracle.ingestedtime</StructuredColInfo>
         </ParserField>
         <ParserField>
            <FieldSeq>20</FieldSeq>
            <FieldName>compartmentid</FieldName>
            <StructuredColInfo>$.oracle.compartmentid</StructuredColInfo>
         </ParserField>
         <ParserField>
            <FieldSeq>3</FieldSeq>
            <FieldName>destip</FieldName>
            <StructuredColInfo>$.data.dst</StructuredColInfo>
         </ParserField>
         <ParserField>
            <FieldSeq>2</FieldSeq>
            <FieldName>dev</FieldName>
            <StructuredColInfo>$.data.device_name</StructuredColInfo>
         </ParserField>
         <ParserField>
            <FieldSeq>13</FieldSeq>
            <FieldName>loggingloggrpocid</FieldName>
            <StructuredColInfo>$.oracle.loggroupid</StructuredColInfo>
         </ParserField>
         <ParserField>
            <FieldSeq>14</FieldSeq>
            <FieldName>logginglogocid</FieldName>
            <StructuredColInfo>$.oracle.logid</StructuredColInfo>
         </ParserField>
         <ParserField>
            <FieldSeq>11</FieldSeq>
            <FieldName>loggingrecid</FieldName>
            <StructuredColInfo>$.id</StructuredColInfo>
         </ParserField>
         <ParserField>
            <FieldSeq>16</FieldSeq>
            <FieldName>ocirsrcname</FieldName>
            <StructuredColInfo>$.source</StructuredColInfo>
         </ParserField>
         <ParserField>
            <FieldSeq>6</FieldSeq>
            <FieldName>sevlvl</FieldName>
            <StructuredColInfo>$.data.severity</StructuredColInfo>
         </ParserField>
         <ParserField>
            <FieldSeq>7</FieldSeq>
            <FieldName>srcip</FieldName>
            <StructuredColInfo>$.data.src</StructuredColInfo>
         </ParserField>
         <ParserField>
            <FieldSeq>15</FieldSeq>
            <FieldName>tenant</FieldName>
            <StructuredColInfo>$.oracle.tenantid</StructuredColInfo>
         </ParserField>
         <ParserField>
            <FieldSeq>9</FieldSeq>
            <FieldName>threatcat</FieldName>
            <StructuredColInfo>$.data.thr_category</StructuredColInfo>
         </ParserField>
         <ParserField>
            <FieldSeq>10</FieldSeq>
            <FieldName>threateventid</FieldName>
            <StructuredColInfo>$.data.threatid</StructuredColInfo>
         </ParserField>
         <ParserField>
            <FieldSeq>18</FieldSeq>
            <FieldName>time</FieldName>
            <StructuredColInfo>$.time</StructuredColInfo>
         </ParserField>
         <ParserField>
            <FieldSeq>5</FieldSeq>
            <FieldName>tranprot</FieldName>
            <StructuredColInfo>$.data.proto</StructuredColInfo>
         </ParserField>
         <ParserField>
            <FieldSeq>19</FieldSeq>
            <FieldName>type</FieldName>
            <StructuredColInfo>$.type</StructuredColInfo>
         </ParserField>
         <ParserField>
            <FieldSeq>4</FieldSeq>
            <FieldName>udfs3</FieldName>
            <StructuredColInfo>$.data.dstuser</StructuredColInfo>
         </ParserField>
         <ParserField>
            <FieldSeq>8</FieldSeq>
            <FieldName>udfs4</FieldName>
            <StructuredColInfo>$.data.srcuser</StructuredColInfo>
         </ParserField>
      </ParserFields>
      <WrittenOnce>0</WrittenOnce>
      <IsDefaultParser>1</IsDefaultParser>
   </Parser>
   <Source configWarningSettings="0" name="Network Firewall Threat Log" oms_version="2.61.1.0.0">
      <SourceType>os_file</SourceType>
      <TargetTypes>
         <TargetType>omc_host_linux</TargetType>
      </TargetTypes>
      <DisplayName>Network Firewall Threat Log</DisplayName>
      <Description>OCI Network Firewall Threat Log</Description>
      <IsSystem>0</IsSystem>
      <IsSecureContent>1</IsSecureContent>
      <Parsers>
         <Parser>
            <ParserSeq>1</ParserSeq>
            <ParserName>NFW Threat Log</ParserName>
         </Parser>
      </Parsers>
      <SourceFunctions>
         <SourceFunction lookupMode="0" name="Geolocation" order="101" overrideOutputFields="1">
            <SourceInputFields>
               <InputField lkCol="IP Field" order="1">srcip</InputField>
            </SourceInputFields>
            <SourceOutputFields>
               <OutputField lkCol="Continent" order="1">continentclnt</OutputField>
               <OutputField lkCol="Country Code" order="4">countrycodeclnt</OutputField>
               <OutputField lkCol="Coordinates" order="8">geolocclnt</OutputField>
               <OutputField lkCol="Continent Code" order="2">continentcodeclnt</OutputField>
               <OutputField lkCol="City" order="7">cityclnt</OutputField>
               <OutputField lkCol="Country" order="3">countryclnt</OutputField>
               <OutputField lkCol="State Code" order="6">regioncodeclnt</OutputField>
               <OutputField lkCol="State" order="5">regionclnt</OutputField>
            </SourceOutputFields>
            <IsSystem>0</IsSystem>
            <IsEnabled>1</IsEnabled>
         </SourceFunction>
      </SourceFunctions>
      <IsHidden>0</IsHidden>
      <IsSMAEnabled>0</IsSMAEnabled>
   </Source>
   <FieldNameMaps>
      <FieldNameMap>
         <Name>udfs4</Name>
         <DisplayName>SourceUser</DisplayName>
      </FieldNameMap>
      <FieldNameMap>
         <Name>udfs3</Name>
         <DisplayName>DestinationUser</DisplayName>
      </FieldNameMap>
   </FieldNameMaps>
</LoganContent>
